Problem Number,Directions,Problem,Solution,Alternate Solution,Common Core Category
1,Rewrite each infinitely repeating decimal as a rational number (fraction).,0.551(35),54584/99000,,The Number System
2,Rewrite each infinitely repeating decimal as a rational number (fraction).,0.30(41),3011/9900,,The Number System
3,Rewrite each infinitely repeating decimal as a rational number (fraction).,35.1(39),34788/990,,The Number System
4,Rewrite each infinitely repeating decimal as a rational number (fraction).,5.7(4),517/90,,The Number System
5,Rewrite each infinitely repeating decimal as a rational number (fraction).,8.151(51),807000/99000,,The Number System
6,Rewrite each infinitely repeating decimal as a rational number (fraction).,5.545(9),49914/9000,,The Number System
7,Rewrite each infinitely repeating decimal as a rational number (fraction).,6.41(32),63491/9900,,The Number System
8,Rewrite each infinitely repeating decimal as a rational number (fraction).,3.28(9),2961/900,,The Number System
9,Rewrite each infinitely repeating decimal as a rational number (fraction).,0.5(31),526/990,,The Number System
10,Rewrite each infinitely repeating decimal as a rational number (fraction).,0.83(1),748/900,,The Number System
11,Determine if the number is rational (R) or irrational (I).,SQRT(81),Rational,R,The Number System
12,Determine if the number is rational (R) or irrational (I).,56.5(191),Rational,R,The Number System
13,Determine if the number is rational (R) or irrational (I).,SQRT(83),Irrational,I,The Number System
14,Determine if the number is rational (R) or irrational (I).,24π,Irrational,I,The Number System
15,Determine if the number is rational (R) or irrational (I).,90.790170......,Irrational,I,The Number System
16,Determine if the number is rational (R) or irrational (I).,60/52,Rational,R,The Number System
17,Determine if the number is rational (R) or irrational (I).,70.300722,Rational,R,The Number System
18,Determine if the number is rational (R) or irrational (I).,22,Rational,R,The Number System
19,Determine if the number is rational (R) or irrational (I).,14,Rational,R,The Number System
20,Determine if the number is rational (R) or irrational (I).,22/38,Rational,R,The Number System
21,Determine if the number is rational (R) or irrational (I).,23/24,Rational,R,The Number System
22,Determine if the number is rational (R) or irrational (I).,46.547415,Rational,R,The Number System
23,Determine if the number is rational (R) or irrational (I).,SQRT(64),Rational,R,The Number System
24,Determine if the number is rational (R) or irrational (I).,8/14,Rational,R,The Number System
25,Determine if the number is rational (R) or irrational (I).,SQRT(109),Irrational,I,The Number System
26,Determine if the number is rational (R) or irrational (I).,82.208701......,Irrational,I,The Number System
27,Determine if the number is rational (R) or irrational (I).,11.236(54),Rational,R,The Number System
28,Determine if the number is rational (R) or irrational (I).,SQRT(100),Rational,R,The Number System
29,Determine if the number is rational (R) or irrational (I).,55/51,Rational,R,The Number System
30,Determine if the number is rational (R) or irrational (I).,19.525305,Rational,R,The Number System
31,Decide which whole number the square root is closer to.,Is SQRT(75) closer to 8 or 9?,9,,The Number System
32,Decide which whole number the square root is closer to.,Is SQRT(7) closer to 2 or 3?,3,,The Number System
33,Decide which whole number the square root is closer to.,Is SQRT(65) closer to 8 or 9?,8,,The Number System
34,Decide which whole number the square root is closer to.,Is SQRT(92) closer to 9 or 10?,10,,The Number System
35,Decide which whole number the square root is closer to.,Is SQRT(93) closer to 9 or 10?,10,,The Number System
36,Decide which whole number the square root is closer to.,Is SQRT(3) closer to 1 or 2?,2,,The Number System
37,Decide which whole number the square root is closer to.,Is SQRT(86) closer to 9 or 10?,9,,The Number System
38,Decide which whole number the square root is closer to.,Is SQRT(22) closer to 4 or 5?,5,,The Number System
39,Decide which whole number the square root is closer to.,Is SQRT(88) closer to 9 or 10?,9,,The Number System
40,Decide which whole number the square root is closer to.,Is SQRT(21) closer to 4 or 5?,5,,The Number System
41,Decide which whole number the square root is closer to.,Is SQRT(66) closer to 8 or 9?,8,,The Number System
42,Decide which whole number the square root is closer to.,Is SQRT(97) closer to 9 or 10?,10,,The Number System
43,Decide which whole number the square root is closer to.,Is SQRT(34) closer to 5 or 6?,6,,The Number System
44,Decide which whole number the square root is closer to.,Is SQRT(99) closer to 9 or 10?,10,,The Number System
45,Decide which whole number the square root is closer to.,Is SQRT(20) closer to 4 or 5?,4,,The Number System
46,Decide which whole number the square root is closer to.,Is SQRT(63) closer to 7 or 8?,8,,The Number System
47,Decide which whole number the square root is closer to.,Is SQRT(89) closer to 9 or 10?,9,,The Number System
48,Decide which whole number the square root is closer to.,Is SQRT(33) closer to 5 or 6?,6,,The Number System
49,Decide which whole number the square root is closer to.,Is SQRT(52) closer to 7 or 8?,7,,The Number System
50,Decide which whole number the square root is closer to.,Is SQRT(70) closer to 8 or 9?,8,,The Number System
51,Determine which two consecutive whole numbers the square root lies between.,SQRT(65),8 and 9,"8, 9",The Number System
52,Determine which two consecutive whole numbers the square root lies between.,SQRT(8),2 and 3,"2, 3",The Number System
53,Determine which two consecutive whole numbers the square root lies between.,SQRT(66),8 and 9,"8, 9",The Number System
54,Determine which two consecutive whole numbers the square root lies between.,SQRT(93),9 and 10,"9, 10",The Number System
55,Determine which two consecutive whole numbers the square root lies between.,SQRT(94),9 and 10,"9, 10",The Number System
56,Determine which two consecutive whole numbers the square root lies between.,SQRT(17),4 and 5,"4, 5",The Number System
57,Determine which two consecutive whole numbers the square root lies between.,SQRT(87),9 and 10,"9, 10",The Number System
58,Determine which two consecutive whole numbers the square root lies between.,SQRT(23),4 and 5,"4, 5",The Number System
59,Determine which two consecutive whole numbers the square root lies between.,SQRT(5),2 and 3,"2, 3",The Number System
60,Determine which two consecutive whole numbers the square root lies between.,SQRT(22),4 and 5,"4, 5",The Number System
61,Determine which two consecutive whole numbers the square root lies between.,SQRT(67),8 and 9,"8, 9",The Number System
62,Determine which two consecutive whole numbers the square root lies between.,SQRT(98),9 and 10,"9, 10",The Number System
63,Determine which two consecutive whole numbers the square root lies between.,SQRT(35),5 and 6,"5, 6",The Number System
64,Determine which two consecutive whole numbers the square root lies between.,SQRT(10),3 and 4,"3, 4",The Number System
65,Determine which two consecutive whole numbers the square root lies between.,SQRT(21),4 and 5,"4, 5",The Number System
66,Determine which two consecutive whole numbers the square root lies between.,SQRT(29),5 and 6,"5, 6",The Number System
67,Determine which two consecutive whole numbers the square root lies between.,SQRT(90),9 and 10,"9, 10",The Number System
68,Determine which two consecutive whole numbers the square root lies between.,SQRT(34),5 and 6,"5, 6",The Number System
69,Determine which two consecutive whole numbers the square root lies between.,SQRT(53),7 and 8,"7, 8",The Number System
70,Determine which two consecutive whole numbers the square root lies between.,SQRT(71),8 and 9,"8, 9",The Number System
71,Solve each problem involving square and cube roots.,SQRT(22-6),4,,The Number System
72,Solve each problem involving square and cube roots.,SQRT(2+47),7,,The Number System
73,Solve each problem involving square and cube roots.,3ROOT(5*5*5),5,,The Number System
74,Solve each problem involving square and cube roots.,3ROOT(6*6*6),6,,The Number System
75,Solve each problem involving square and cube roots.,3ROOT(8*8*8),8,,The Number System
76,Solve each problem involving square and cube roots.,3ROOT(1019-19),10,,The Number System
77,Solve each problem involving square and cube roots.,SQRT(155-11),12,,The Number System
78,Solve each problem involving square and cube roots.,SQRT(9*9),9,,The Number System
79,Solve each problem involving square and cube roots.,SQRT(4+5),3,,The Number System
80,Solve each problem involving square and cube roots.,SQRT(37+63),10,,The Number System
81,Solve each problem involving square and cube roots.,3ROOT(1029/3),7,,The Number System
82,Solve each problem involving square and cube roots.,3ROOT(2916/4),9,,The Number System
83,Solve each problem involving square and cube roots.,SQRT(2*2),2,,The Number System
84,Solve each problem involving square and cube roots.,3ROOT(256/4),4,,The Number System
85,Solve each problem involving square and cube roots.,SQRT(256/4),8,,The Number System
86,Solve each problem involving square and cube roots.,SQRT(21+4),5,,The Number System
87,Rewrite the factors listed as an expression with a power of two.,5*5*23,5^2 × 23,,The Number System
88,Rewrite the factors listed as an expression with a power of two.,3*3*3*31,3^2 × 93,,The Number System
89,Rewrite the factors listed as an expression with a power of two.,3*3*53,3^2 × 53,,The Number System
90,Rewrite the factors listed as an expression with a power of two.,2*2*2*2*3*5,4^2 × 15,,The Number System
91,Rewrite the factors listed as an expression with a power of two.,2*2,2^2,,The Number System
92,Rewrite the factors listed as an expression with a power of two.,2*2*17,2^2 × 17,,The Number System
93,Rewrite the factors listed as an expression with a power of two.,2*2*2*3*17,2^2 x 102,,The Number System
94,Rewrite the factors listed as an expression with a power of two.,2*2*2*31,2^2 x 62,,The Number System
95,Rewrite the factors listed as an expression with a power of two.,11*11,11^2,,The Number System
96,Rewrite the factors listed as an expression with a power of two.,2*2*11*11,22^2,,The Number System
97,Rewrite the factors listed as an expression with a power of two.,2*2*2*2*53,4^2 x 53,,The Number System
98,Rewrite the factors listed as an expression with a power of two.,2*3*3*47,3^2 x 94,,The Number System
99,Rewrite the factors listed as an expression with a power of two.,2*2,2^2,,The Number System
100,Rewrite the factors listed as an expression with a power of two.,2*2*2*7*11,2^2 x 154,,The Number System
101,Rewrite the factors listed as an expression with a power of two.,2*2*2*2*3*3*3,12^2 x 3,,The Number System
102,Rewrite the factors listed as an expression with a power of two.,2*3*3*5,3^2 x 10,,The Number System
103,Rewrite the factors listed as an expression with a power of two.,2*3*3*29,3^2 x 58,,The Number System
104,Rewrite the factors listed as an expression with a power of two.,2*3*3*3*17,3^2 x 102,,The Number System
105,Rewrite the factors listed as an expression with a power of two.,2*3*3*31,3^2 x 62,,The Number System
106,Rewrite the factors listed as an expression with a power of two.,3*3*47,3^2 × 47,,The Number System
107,Simplify the radical.,SQRT(48),4*SQRT(3),,
108,Simplify the radical.,SQRT(56),2*SQRT(14),,The Number System
109,Simplify the radical.,SQRT(28),2*SQRT(7),,The Number System
110,Simplify the radical.,SQRT(80),4*SQRT(5),,The Number System
111,Simplify the radical.,SQRT(75),5*SQRT(3),,The Number System
112,Simplify the radical.,SQRT(27),3*SQRT(3),,The Number System
113,Simplify the radical.,SQRT(18),3*SQRT(2),,The Number System
114,Simplify the radical.,SQRT(92),2*SQRT(23),,The Number System
115,Simplify the radical.,SQRT(16),4,,The Number System
116,Simplify the radical.,SQRT(81),9,,The Number System
117,Simplify the radical.,SQRT(100),10,,The Number System
118,Simplify the radical.,SQRT(90),3*SQRT(10),,The Number System
119,Simplify the radical.,SQRT(45),3*SQRT(5),,The Number System
120,Simplify the radical.,SQRT(36),6,,The Number System
121,Simplify the radical.,SQRT(44),2*SQRT(11),,The Number System
122,Simplify the radical.,SQRT(54),3*SQRT(6),,The Number System
123,Simplify the radical.,SQRT(20),2*SQRT(5),,The Number System
124,Simplify the radical.,SQRT(40),2*SQRT(10),,The Number System
125,Simplify the radical.,SQRT(63),3*SQRT(7),,The Number System
126,Simplify the radical.,SQRT(49),7,,The Number System
127,Compute the value of the square root and round to the nearest tenth.,SQRT(65),8.1,,The Number System
128,Compute the value of the square root and round to the nearest tenth.,SQRT(8),2.8,,The Number System
129,Compute the value of the square root and round to the nearest tenth.,SQRT(66),8.1,,The Number System
130,Compute the value of the square root and round to the nearest tenth.,SQRT(93),9.6,,The Number System
131,Compute the value of the square root and round to the nearest tenth.,SQRT(94),9.7,,The Number System
132,Compute the value of the square root and round to the nearest tenth.,SQRT(17),4.1,,The Number System
133,Compute the value of the square root and round to the nearest tenth.,SQRT(87),9.3,,The Number System
134,Compute the value of the square root and round to the nearest tenth.,SQRT(23),4.8,,The Number System
135,Compute the value of the square root and round to the nearest tenth.,SQRT(5),2.2,,The Number System
136,Compute the value of the square root and round to the nearest tenth.,SQRT(22),4.7,,The Number System
137,Compute the value of the square root and round to the nearest tenth.,SQRT(67),8.2,,The Number System
138,Compute the value of the square root and round to the nearest tenth.,SQRT(98),9.9,,The Number System
139,Compute the value of the square root and round to the nearest tenth.,SQRT(35),5.9,,The Number System
140,Compute the value of the square root and round to the nearest tenth.,SQRT(10),3.2,,The Number System
141,Compute the value of the square root and round to the nearest tenth.,SQRT(21),4.6,,The Number System
142,Compute the value of the square root and round to the nearest tenth.,SQRT(64),8,,The Number System
143,Compute the value of the square root and round to the nearest tenth.,SQRT(90),9.5,,The Number System
144,Compute the value of the square root and round to the nearest tenth.,SQRT(34),5.8,,The Number System
145,Compute the value of the square root and round to the nearest tenth.,SQRT(53),7.3,,The Number System
146,Compute the value of the square root and round to the nearest tenth.,SQRT(71),8.4,,The Number System
147,Find the positive value of x.,x^(3)=1000^(-1),10,,The Number System
148,Find the positive value of x.,x^(-3)=8^(-1),2,,The Number System
149,Find the positive value of x.,x^(3)=27^(-1),3,,The Number System
150,Find the positive value of x.,x^(3)=64^(-1),4,,The Number System
151,Find the positive value of x.,x^(3)=125^(-1),5,,The Number System
152,Find the positive value of x.,x^(3)=216^(-1),6,,The Number System
153,Find the positive value of x.,x^(3)=343^(-1),7,,The Number System
154,Find the positive value of x.,x^(3)=512^(-1),8,,The Number System
155,Find the positive value of x.,x^(3)=729^(-1),9,,The Number System
156,Find the positive value of x.,x^(2)=1^(-1),1,,The Number System
157,Find the positive value of x.,x^(2)=4^(-1),2,,The Number System
158,Find the positive value of x.,x^(2)=9^(-1),3,,The Number System
159,Find the positive value of x.,x^(2)=16^(-1),4,,The Number System
160,Find the positive value of x.,x^(2)=25^(-1),5,,The Number System
161,Find the positive value of x.,x^(2)=36^(-1),6,,The Number System
162,Find the positive value of x.,x^(2)=49^(-1),7,,The Number System
163,Find the positive value of x.,x^(2)=64^(-1),8,,The Number System
164,Find the positive value of x.,x^(2)=81^(-1),9,,The Number System
165,Find the positive value of x.,x^(2)=100^(-1),10,,The Number System
166,Use the law of exponents to rewrite each problem.,3^0,1,,Expressions and Equations
167,Use the law of exponents to rewrite each problem.,3^3 * 3^(-5),3^(-2),,Expressions and Equations
168,Use the law of exponents to rewrite each problem.,(1/7)^3,1/(7^3),,Expressions and Equations
169,Use the law of exponents to rewrite each problem.,(7 × 2)^2,7^2 × 2^2,,Expressions and Equations
170,Use the law of exponents to rewrite each problem.,(8 × 3)^9,8^9 × 3^9,,Expressions and Equations
171,Use the law of exponents to rewrite each problem.,(1/4)^8,1/(4^8),,Expressions and Equations
172,Use the law of exponents to rewrite each problem.,8^0,1,,Expressions and Equations
173,Use the law of exponents to rewrite each problem.,7^8 * 7^5,7^13,,Expressions and Equations
174,Use the law of exponents to rewrite each problem.,5^3 * 5^2,5^5,,Expressions and Equations
175,Use the law of exponents to rewrite each problem.,4^(-8),1/(4^8),,Expressions and Equations
176,Use the law of exponents to rewrite each problem.,7^1,7,,Expressions and Equations
177,Use the law of exponents to rewrite each problem.,(8 * 6)^9,8^9 × 6^9,,Expressions and Equations
178,Use the law of exponents to rewrite each problem.,4^8 * 4^(-7),4^1,,Expressions and Equations
179,Use the law of exponents to rewrite each problem.,4^4 * 4^3,4^7,,Expressions and Equations
180,Use the law of exponents to rewrite each problem.,(8^4)^3,8^12,,Expressions and Equations
181,Use the law of exponents to rewrite each problem.,6^3 * 6^(-9),6^(-6),,Expressions and Equations
182,Use the law of exponents to rewrite each problem.,3^0,1,,Expressions and Equations
183,Use the law of exponents to rewrite each problem.,6^1,6,,Expressions and Equations
184,Use the law of exponents to rewrite each problem.,8^(-5),1/(8^5),,Expressions and Equations
185,Use the law of exponents to rewrite each problem.,(5^3)^5,5^15,,Expressions and Equations
186,Solve each problem using the laws of exponents.,(1/3)^2,1/9,,Expressions and Equations
187,Solve each problem using the laws of exponents.,3^(-2) * 3^3,3,,Expressions and Equations
188,Solve each problem using the laws of exponents.,3^0,1,,Expressions and Equations
189,Solve each problem using the laws of exponents.,2^(-2),1/4,,Expressions and Equations
190,Solve each problem using the laws of exponents.,2^1,2,,Expressions and Equations
191,Solve each problem using the laws of exponents.,(2 × 3)^2,36,,Expressions and Equations
192,Solve each problem using the laws of exponents.,3^2 * 3^3,243,,Expressions and Equations
193,Solve each problem using the laws of exponents.,(3^2)^4,"6,561",,Expressions and Equations
194,Solve each problem using the laws of exponents.,2^3 * 2^(-2),2,,Expressions and Equations
195,Which equation has only 6 as a possible value of x?,A. (x^3) = 216  B. (x^2) = 18  C. (x^3) = 36  D. (x^2) = 216,A,,Expressions and Equations
196,Which equation has only 9 as a possible value of x?,A. (x^2) = 81  B. (x^2) = 729  C. (x^3) = 729  D. (x^3) = 27,C,,Expressions and Equations
197,Which equation has only 5 as a possible value of x?,A. (x^3) = 125  B. (x^3) = 15  C. (x^2) = 125  D. (x^2) = 25,A,,Expressions and Equations
198,Which equation has both 4 and -4 as possible values of x?,A. (x^3) = 16  B. (x^2) = 8  C. (x^2) = 16  D. (x^3) = 8,C,,Expressions and Equations
199,Which equation has only 10 as a possible value of x?,A. (x^2) = 1000  B. (x^3) = 30  C. (x^2) = 30  D. (x^3) = 1000,D,,Expressions and Equations
200,Which equation has both 7 and -7 as possible values of x?,A. (x^3) = 14  B. (x^3) = 343  C. (x^2) = 343  D. (x^2) = 49,D,,Expressions and Equations
201,Which equation has both 10 and -10 as possible values of x?,A. (x^3) = 100  B. (x^2) = 100  C. (x^2) = 1000  D. (x^2) = 20,B,,Expressions and Equations
202,Which equation has both 6 and -6 as possible values of x?,A. (x^3) = 12  B. (x^3) = 36  C. (x^2) = 12  D. (x^2) = 36,D,,Expressions and Equations
203,Which equation has only 8 as a possible value of x?,A. (x^3) = 512  B. (x^2) = 512  C. (x^2) = 24  D. (x^2) = 64,A,,Expressions and Equations
204,Which equation has both 9 and -9 as possible values of x?,A. (x^2) = 18  B. (x^3) = 729  C. (x^3) = 18  D. (x^2) = 81,D,,Expressions and Equations
205,Find the positive value of x.,(x^2) = 4,2,,Expressions and Equations
206,Find the positive value of x.,(x^2) = 9,3,,Expressions and Equations
207,Find the positive value of x.,(x^3) = 125,5,,Expressions and Equations
208,Find the positive value of x.,(x^2) = 144,12,,Expressions and Equations
209,Find the positive value of x.,(x^2) = 49,7,,Expressions and Equations
210,Find the positive value of x.,(x^3) = 64,4,,Expressions and Equations
211,Find the positive value of x.,(x^2) = 81,9,,Expressions and Equations
212,Find the positive value of x.,(x^2) = 25,5,,Expressions and Equations
213,Find the positive value of x.,(x^3) = 1,1,,Expressions and Equations
214,Find the positive value of x.,(x^3) = 1000,10,,Expressions and Equations
215,Find the positive value of x.,(x^3) = 8,2,,Expressions and Equations
216,Find the positive value of x.,(x^3) = 512,8,,Expressions and Equations
217,Find the positive value of x.,(x^2) = 64,8,,Expressions and Equations
218,Find the positive value of x.,(x^3) = 343,7,,Expressions and Equations
219,Find the positive value of x.,(x^3) = 216,6,,Expressions and Equations
220,Find the positive value of x.,(x^2) = 121,11,,Expressions and Equations
221,Find the positive value of x.,(x^2) = 100,10,,Expressions and Equations
222,Find the positive value of x.,(x^3) = 729,9,,Expressions and Equations
223,Find the positive value of x.,(x^2) = 36,6,,Expressions and Equations
224,Find the positive value of x.,(x^2) = 16,4,,Expressions and Equations
225,Find the positive value of x.,(x^3) = 27,3,,Expressions and Equations
226,Solve each problem.,SQRT(16),4,,Expressions and Equations
227,Solve each problem.,SQRT(4),2,,Expressions and Equations
228,Solve each problem.,SQRT(25),5,,Expressions and Equations
229,Solve each problem.,3ROOT(64),4,,Expressions and Equations
230,Solve each problem.,3ROOT(125),5,,Expressions and Equations
231,Solve each problem.,3ROOT(343),7,,Expressions and Equations
232,Solve each problem.,3ROOT(729),9,,Expressions and Equations
233,Solve each problem.,SQRT(100),10,,Expressions and Equations
234,Solve each problem.,SQRT(49),7,,Expressions and Equations
235,Solve each problem.,SQRT(1),1,,Expressions and Equations
236,Solve each problem.,SQRT(64),8,,Expressions and Equations
237,Solve each problem.,3ROOT(216),6,,Expressions and Equations
238,Solve each problem.,3ROOT(512),8,,Expressions and Equations
239,Solve each problem.,3ROOT(1000),10,,Expressions and Equations
240,Solve each problem.,3ROOT(27),3,,Expressions and Equations
241,Solve each problem.,SQRT(36),6,,Expressions and Equations
242,Solve each problem.,SQRT(9),3,,Expressions and Equations
243,Solve each problem.,SQRT(81),9,,Expressions and Equations
244,Solve each problem.,3ROOT(8),2,,Expressions and Equations
245,Solve each problem.,3ROOT(1),1,,Expressions and Equations
246,Rewrite each number as an expression with the power of 10.,"800,000,000",8 * 10^8,,Expressions and Equations
247,Rewrite each number as an expression with the power of 10.,"50,000,000,000",5 * 10^10,,Expressions and Equations
248,Rewrite each number as an expression with the power of 10.,"8,000,000",8 * 10^6,,Expressions and Equations
249,Rewrite each number as an expression with the power of 10.,50,5 * 10^1,,Expressions and Equations
250,Rewrite each number as an expression with the power of 10.,"10,000,000,000",1 * 10^10,,Expressions and Equations
251,Rewrite each number as an expression with the power of 10.,"5,000",5 * 10^3,,Expressions and Equations
252,Rewrite each number as an expression with the power of 10.,"600,000,000,000",6 * 10^11,,Expressions and Equations
253,Rewrite each number as an expression with the power of 10.,"3,000",3 * 10^3,,Expressions and Equations
254,Rewrite each number as an expression with the power of 10.,"400,000,000",4 * 10^8,,Expressions and Equations
255,Rewrite each number as an expression with the power of 10.,"100,000,000",1 * 10^8,,Expressions and Equations
256,Rewrite each number as an expression with the power of 10.,0.05,5 * 10^(-2),,Expressions and Equations
257,Rewrite each number as an expression with the power of 10.,0.00009,9 * 10^(-5),,Expressions and Equations
258,Rewrite each number as an expression with the power of 10.,0.7,7 * 10^(-1),,Expressions and Equations
259,Rewrite each number as an expression with the power of 10.,0,4 * 10^(-11),,Expressions and Equations
260,Rewrite each number as an expression with the power of 10.,0.000009,9 * 10^(-6),,Expressions and Equations
261,Rewrite each number as an expression with the power of 10.,0.00000006,6 * 10^(-8),,Expressions and Equations
262,Rewrite each number as an expression with the power of 10.,0.0000001,1 * 10^(-7),,Expressions and Equations
263,Rewrite each number as an expression with the power of 10.,0,9 * 10^(-12),,Expressions and Equations
264,Rewrite each number as an expression with the power of 10.,0.000000009,9 * 10^(-9),,Expressions and Equations
265,Rewrite each number as an expression with the power of 10.,0.00000009,9 * 10^(-8),,Expressions and Equations
266,Solve each problem. Answer as a decimal (if necessary).,(3 * 10^6) is ____ * the value of (9 * 10^8),0.00333,,Expressions and Equations
267,Solve each problem. Answer as a decimal (if necessary).,(3 * 10^3) is ____ * the value of (7 * 10^5),0.00429,,Expressions and Equations
268,Solve each problem. Answer as a decimal (if necessary).,(7 * 10^3) is ____ * the value of (3 * 10^6),0.002333,,Expressions and Equations
269,Solve each problem. Answer as a decimal (if necessary).,(7 * 10^2) is ____ * the value of (2 * 10^5),0.0035,,Expressions and Equations
270,Solve each problem. Answer as a decimal (if necessary).,(8 * 10^9) is ____ * the value of (3 * 10^6),"2,667",,Expressions and Equations
271,Solve each problem. Answer as a decimal (if necessary).,(4 * 10^8) is ____ * the value of (7 * 10^2),"571,000",,Expressions and Equations
272,Solve each problem. Answer as a decimal (if necessary).,(8 * 10^5) is ____ * the value of (4 * 10^3),200,,Expressions and Equations
273,Solve each problem. Answer as a decimal (if necessary).,(7 * 10^8) is ____ * the value of (4 * 10^5),"1,750",,Expressions and Equations
274,Solve each problem. Answer as a decimal (if necessary).,(5 * 10^3) is ____ * the value of (4 * 10^2),12.5,,Expressions and Equations
275,Solve each problem. Answer in scientific notation.,(9.6 * 10^7) * (4.3 * 10^4),4.128 * 10^12,,Expressions and Equations
276,Solve each problem. Answer in scientific notation.,(8.7 * 10^4) * (2.4 * 10^9),2.088 * 10^14,,Expressions and Equations
277,Solve each problem. Answer in scientific notation.,(1 * 10^4) * (1.6 * 10^9),1.6 * 10^13,,Expressions and Equations
278,Solve each problem. Answer in scientific notation.,(1 * 10^3) * (7.7 * 10^9),7.7 * 10^12,,Expressions and Equations
279,Solve each problem. Answer in scientific notation.,(9.04 * 10^10) * (5.74 * 10^9),5.18896 * 10^20,,Expressions and Equations
280,Solve each problem. Answer in scientific notation.,(3.51 * 10^8) * (4.9 * 10^3),1.7199 * 10^12,,Expressions and Equations
281,Solve each problem. Answer in scientific notation.,(9.05 * 10^6) × (4.62 * 10^3),4.1811 * 10^10,,Expressions and Equations
282,Solve each problem. Answer in scientific notation.,(9.4 * 10^9) * (2.6 * 10^4),2.444 * 10^14,,Expressions and Equations
283,Solve each problem. Answer in scientific notation.,(5.4 * 10^5) * (1.5 * 10^3),8.1 * 10^8,,Expressions and Equations
284,Solve each problem. Answer in scientific notation.,(8.52 * 10^9) * (4.47 * 10^9),3.80844 * 10^19,,Expressions and Equations
285,Convert each problem to standard form.,4.96E+08,"496,385,000",,Expressions and Equations
286,Convert each problem to standard form.,5.44E+10,"54,400,100,000",,Expressions and Equations
287,Convert each problem to standard form.,8.00E+09,"8,000,000,000",,Expressions and Equations
288,Convert each problem to standard form.,5.16E+07,"51,595,700",,Expressions and Equations
289,Convert each problem to standard form.,1.40E+12,"1,397,420,000,000",,Expressions and Equations
290,Convert each problem to standard form.,5.00E+10,"50,000,000,000",,Expressions and Equations
291,Convert each problem to standard form.,3.63E+10,"36,339,000,000",,Expressions and Equations
292,Convert each problem to standard form.,4.77E+09,"4,773,090,000",,Expressions and Equations
293,Convert each problem to standard form.,4.00E+11,"400,000,000,000",,Expressions and Equations
294,Convert each problem to standard form.,6.72E+08,"671,626,000",,Expressions and Equations
295,Rewrite each problem in standard form.,5.3 * 10^3,"5,300",,Expressions and Equations
296,Rewrite each problem in standard form.,9.60844 * 10^8,"960,844,000",,Expressions and Equations
297,Rewrite each problem in standard form.,6.65 * 10^2,665,,Expressions and Equations
298,Rewrite each problem in standard form.,9.2957 * 10^2,929.57,,Expressions and Equations
299,Rewrite each problem in standard form.,3.86 * 10^5,"386,000",,Expressions and Equations
300,Rewrite each problem in standard form.,2.86606442 * 10^4,"28,660.64",,Expressions and Equations
301,Rewrite each problem in standard form.,0.69 * 10^(-1),0.069,,Expressions and Equations
302,Rewrite each problem in standard form.,5.5 * 10^1,55,,Expressions and Equations
303,Rewrite each problem in standard form.,5.9 * 10^1,59,,Expressions and Equations
304,Rewrite each problem in standard form.,2.26 * 10^0,2.26,,Expressions and Equations
305,Rewrite each problem in standard form.,9.77 * 10^4,"97,700",,Expressions and Equations
306,Rewrite each problem in standard form.,3.06 * 10^0,3.06,,Expressions and Equations
307,Rewrite each problem in standard form.,7 * 10^3,"7,000",,Expressions and Equations
308,Rewrite each problem in standard form.,6.64186 * 10^1,66.4186,,Expressions and Equations
309,Rewrite each problem in standard form.,8.82 * 10^(-1),0.882,,Expressions and Equations
310,Rewrite each problem in standard form.,5.4 * 10^2,540,,Expressions and Equations
311,Rewrite each problem in standard form.,4.4959177 * 10^7,"44,959,177",,Expressions and Equations
312,Rewrite each problem in standard form.,3.14263545* 10^3,"3,142.64",,Expressions and Equations
313,Rewrite each problem in standard form.,7.38 * 10^2,738,,Expressions and Equations
314,Rewrite each problem in standard form.,6.44924043 * 10^3,"6,449.24",,Expressions and Equations
315,Rewrite each problem in scientific notation.,"5,300",5.3 * 10^3,,Expressions and Equations
316,Rewrite each problem in scientific notation.,"960,844,000",9.60844 * 10^8,,Expressions and Equations
317,Rewrite each problem in scientific notation.,665,6.65 * 10^2,,Expressions and Equations
318,Rewrite each problem in scientific notation.,929.57,9.2957 * 10^2,,Expressions and Equations
319,Rewrite each problem in scientific notation.,"386,000",3.86 * 10^5,,Expressions and Equations
320,Rewrite each problem in scientific notation.,"28,660.64",2.86606442 * 10^4,,Expressions and Equations
321,Rewrite each problem in scientific notation.,0.069,0.69 * 10^(-1),,Expressions and Equations
322,Rewrite each problem in scientific notation.,55,5.5 * 10^1,,Expressions and Equations
323,Rewrite each problem in scientific notation.,59,5.9 * 10^1,,Expressions and Equations
324,Rewrite each problem in scientific notation.,2.26,2.26 * 10^0,,Expressions and Equations
325,Rewrite each problem in scientific notation.,"97,700",9.77 * 10^4,,Expressions and Equations
326,Rewrite each problem in scientific notation.,3.06,3.06 * 10^0,,Expressions and Equations
327,Rewrite each problem in scientific notation.,"7,000",7 * 10^3,,Expressions and Equations
328,Rewrite each problem in scientific notation.,66.4186,6.64186 * 10^1,,Expressions and Equations
329,Rewrite each problem in scientific notation.,0.882,8.82 * 10^(-1),,Expressions and Equations
330,Rewrite each problem in scientific notation.,540,5.4 * 10^2,,Expressions and Equations
331,Rewrite each problem in scientific notation.,"44,959,177",4.4959177 * 10^7,,Expressions and Equations
332,Rewrite each problem in scientific notation.,"3,142.64",3.14263545 * 10^3,,Expressions and Equations
333,Rewrite each problem in scientific notation.,738,7.38 * 10^2,,Expressions and Equations
334,Rewrite each problem in scientific notation.,"6,449.24",6.44924043 * 10^3,,Expressions and Equations
335,Solve for y in the linear equation with variables on both sides.,-9y + 4 - 7 = 3 + 8y - 57,y = 3,3,Expressions and Equations
336,Solve for y in the linear equation with variables on both sides.,7y + 3 * 8 = 2y + (4 * 9) + 3,y = 3,3,Expressions and Equations
337,Solve for y in the linear equation with variables on both sides.,-(3y * 9) * 7 = -2y * 5 - 1253,y = 7,7,Expressions and Equations
338,Solve for y in the linear equation with variables on both sides.,(2y - 3 * 3) = -(8 + 9y - 8) + 68,y = 7,7,Expressions and Equations
339,Solve for y in the linear equation with variables on both sides.,8 - (9 - 3y) = -6 + 8 + 4y - 11,y = 8,8,Expressions and Equations
340,Solve for y in the linear equation with variables on both sides.,4y - 8 * 8 = 9y + (8 * 8) - 148,y = 4,4,Expressions and Equations
341,Solve for y in the linear equation with variables on both sides.,(4y * 5) = -3 + 4 * 5y + 3,y = 8,8,Expressions and Equations
342,Find the point of intersection of the two equations.,y = 1.5x + 2 ; y = 5.5x - 6,"(2 , 5)",,Expressions and Equations
343,Find the point of intersection of the two equations.,y = 0.7x - 2 ; y = 0.6x - 3,"(-10 , -9)",,Expressions and Equations
344,Find the point of intersection of the two equations.,y = -0.5x - 4 ; y = -0.6x - 3,"(10 , -9)",,Expressions and Equations
345,Find the point of intersection of the two equations.,y = -4.5x - 9 ; y = -3.25x - 4,"(-4 , 9)",,Expressions and Equations
346,Find the point of intersection of the two equations.,y = -0.5x - 5 ; y = 0.9x + 9,"(-10 , 0)",,Expressions and Equations
347,Find the point of intersection of the two equations.,y = 0.1x - 1 ; y = -0.5x + 5,"(10 , 0)",,Expressions and Equations
348,Find the point of intersection of the two equations.,y = 0.1x + 9 ; y = -0.2x + 6,"(-10 , 8)",,Expressions and Equations
349,Find the point of intersection of the two equations.,y = 0.5x - 5 ; y = 0.75x - 7,"(8 , -1)",,Expressions and Equations
350,Find the point of intersection of the two equations.,y = -0.5x + 2 ; y = 2.25x - 9,"(4 , 0)",,Expressions and Equations
351,Find the point of intersection of the two equations.,y = 4.25x - 9 ; y = 3.25x - 5,"(4 , 8)",,Expressions and Equations
352,"Determine if each equation describes a function (yes) or not (no). In the equation, x represents the input and y represents the output.",y - 7 = x,yes,,Functions
353,"Determine if each equation describes a function (yes) or not (no). In the equation, x represents the input and y represents the output.",y^8 = 2 * x,no,,Functions
354,"Determine if each equation describes a function (yes) or not (no). In the equation, x represents the input and y represents the output.",x + 8 = y^2,no,,Functions
355,"Determine if each equation describes a function (yes) or not (no). In the equation, x represents the input and y represents the output.",y - 8 = x - 9,no,,Functions
356,"Determine if each equation describes a function (yes) or not (no). In the equation, x represents the input and y represents the output.",x / 7 = y^8,no,,Functions
357,"Determine if each equation describes a function (yes) or not (no). In the equation, x represents the input and y represents the output.",x - 9 = y^8,no,,Functions
358,"Determine if each equation describes a function (yes) or not (no). In the equation, x represents the input and y represents the output.",x = 8 + y,yes,,Functions
359,"Determine if each equation describes a function (yes) or not (no). In the equation, x represents the input and y represents the output.",y = x^7,yes,,Functions
360,"Determine if each equation describes a function (yes) or not (no). In the equation, x represents the input and y represents the output.",x = 6 / y,yes,,Functions
361,"Determine if each equation describes a function (yes) or not (no). In the equation, x represents the input and y represents the output.",y^9 = x^4,yes,,Functions
362,"Determine if each equation describes a function (yes) or not (no). In the equation, x represents the input and y represents the output.",y = x + 4,yes,,Functions
363,"Determine if each equation describes a function (yes) or not (no). In the equation, x represents the input and y represents the output.",y = x - 2,yes,,Functions
364,"Determine if each equation describes a function (yes) or not (no). In the equation, x represents the input and y represents the output.",y^(-8) + 7 = x,no,,Functions
365,"Determine if each equation describes a function (yes) or not (no). In the equation, x represents the input and y represents the output.",y * 8 = x,yes,,Functions
366,"Determine if each equation describes a function (yes) or not (no). In the equation, x represents the input and y represents the output.",y + 2 = x,yes,,Functions
367,"Determine if each equation describes a function (yes) or not (no). In the equation, x represents the input and y represents the output.",y(-8) = 8x,no,,Functions
368,"Determine if each equation describes a function (yes) or not (no). In the equation, x represents the input and y represents the output.",y = 9 - x,yes,,Functions
369,"Determine if each equation describes a function (yes) or not (no). In the equation, x represents the input and y represents the output.",y^4 = 2 - x,no,,Functions
370,"Determine if each equation describes a function (yes) or not (no). In the equation, x represents the input and y represents the output.",y^2 + x = 6,no,,Functions
371,"Determine if each equation describes a function (yes) or not (no). In the equation, x represents the input and y represents the output.",x * 5 = y^6,no,,Functions
372,Identify the rate of change for each description.,"The Y Intercept is 6. While X increases by 6, Y decreases by 2.",-2/6,,Functions
373,Identify the rate of change for each description.,"The Y Intercept is 9. While X decreases by 10, Y increases by 6.",6/-10,,Functions
374,Identify the rate of change for each description.,"The Y Intercept is -9. While X increases by 10, Y increases by 2.",2/10,,Functions
375,Identify the rate of change for each description.,"The Y Intercept is -3. While X decreases by 10, Y increases by 8.",8/-10,,Functions
376,Identify the rate of change for each description.,"The Y Intercept is 6. While X decreases by 8, Y decreases by 1.",-1/-8,1/8,Functions
377,Identify the rate of change for each description.,"The Y Intercept is 0. While X increases by 10, Y increases by 9.",9/10,,Functions
378,Identify the rate of change for each description.,"The Y Intercept is 10. While X decreases by 9, Y increases by 3.",3/-9,,Functions
379,Identify the rate of change for each description.,"The Y Intercept is -8. While X increases by 4, Y decreases by 4.",-1,,Functions
380,Identify the rate of change for each description.,"The Y Intercept is -4. While X increases by 6, Y increases by 5.",5/6,,Functions
381,Identify the rate of change for each description.,"The Y Intercept is -1. While X increases by 6, Y increases by 2.",2/6,,Functions
382,Identify the rate of change for each description.,"The Y Intercept is 6. While X decreases by 9, Y increases by 7.",7/-9,,Functions
383,Identify the rate of change for each description.,"The Y Intercept is 7. While X decreases by 3, Y decreases by 2.",-2/-3,2/3,Functions
384,Identify the rate of change for each description.,"The Y Intercept is 2. While X decreases by 1, Y increases by 5.",-5,,Functions
385,Identify the rate of change for each description.,"The Y Intercept is 8. While X decreases by 3, Y increases by 7.",7/-3,,Functions
386,Identify the rate of change for each description.,"The Y Intercept is 1. While X increases by 1, Y decreases by 3.",-3,,Functions
387,Identify the rate of change for each description.,"The Y Intercept is -8. While X decreases by 8, Y decreases by 9.",-9/-8,9/8,Functions
388,Identify the rate of change for each description.,"The Y Intercept is 5. While X increases by 5, Y increases by 3.",3/5,,Functions
389,Identify the rate of change for each description.,"The Y Intercept is 7. While X increases by 1, Y increases by 8.",8,,Functions
390,Identify the rate of change for each description.,"The Y Intercept is 7. While X increases by 1, Y decreases by 8.",-8,,Functions
391,Identify the rate of change for each description.,"The Y Intercept is -5. While X decreases by 6, Y decreases by 9.",-9/-6,9/6,Functions
392,Identify the rate of change for each equation.,Y = 9*X + (X*-1),8,,Functions
393,Identify the rate of change for each equation.,Y = X - 8,1,,Functions
394,Identify the rate of change for each equation.,Y = X*3,3,,Functions
395,Identify the rate of change for each equation.,Y = 2*X - (X + 2),1,,Functions
396,Identify the rate of change for each equation.,Y = X + 3,1,,Functions
397,Identify the rate of change for each equation.,Y = 7*X,7,,Functions
398,Identify the rate of change for each equation.,Y = -X,-1,,Functions
399,Identify the rate of change for each equation.,Y = 4*X - (X - 8),3,,Functions
400,Identify the rate of change for each equation.,Y = 8*X*8,64,,Functions
401,Identify the rate of change for each equation.,Y = 5*X + 8,5,,Functions
402,Identify the rate of change from each equation in slope-intercept form.,Y = (-2/6)*X + 6,-2/6,,Functions
403,Identify the rate of change from each equation in slope-intercept form.,Y = (6/-10)*X + 9,6/-10,,Functions
404,Identify the rate of change from each equation in slope-intercept form.,Y = (2/10)*X - 9,2/10,,Functions
405,Identify the rate of change from each equation in slope-intercept form.,Y = (8/-10)*X - 3,8/-10,,Functions
406,Identify the rate of change from each equation in slope-intercept form.,Y = (-1/-8)*X + 6,-1/-8,1/8,Functions
407,Identify the rate of change from each equation in slope-intercept form.,Y = (9/10)*X + 0,9/10,,Functions
408,Identify the rate of change from each equation in slope-intercept form.,Y = (3/-9)*X + 10,3/-9,,Functions
409,Identify the rate of change from each equation in slope-intercept form.,Y = -1*X - 8,-1,,Functions
410,Identify the rate of change from each equation in slope-intercept form.,Y = (5/6)*X - 4,5/6,,Functions
411,Identify the rate of change from each equation in slope-intercept form.,Y = (2/6)*X - 1,2/6,,Functions
412,Identify the Y-intercept for each equation.,Y = 3*X*(X + 3),0,,Functions
413,Identify the Y-intercept for each equation.,Y = 7*X - (X - 3),3,,Functions
414,Identify the Y-intercept for each equation.,Y = 3*X*(X - 3),0,,Functions
415,Identify the Y-intercept for each equation.,Y = X + (2*-1),-2,,Functions
416,Identify the Y-intercept for each equation.,Y = X + 3,3,,Functions
417,Identify the Y-intercept for each equation.,Y = 4*X*(X*7),0,,Functions
418,Identify the Y-intercept for each equation.,Y = 4*X - (X*5),0,,Functions
419,Identify the Y-intercept for each equation.,Y = 4*X + (X*-1),0,,Functions
420,Identify the Y-intercept for each equation.,Y = X*5,0,,Functions
421,Identify the Y-intercept for each equation.,Y = 5*X + (X - 8),-8,,Functions
422,Determine if the equation shown represents a linear function (yes) or not (no).,Y = SQRT(X^2 - 9),no,nonlinear,Functions
423,Determine if the equation shown represents a linear function (yes) or not (no).,Y = SQRT(X^2 - 7),no,nonlinear,Functions
424,Determine if the equation shown represents a linear function (yes) or not (no).,Y = 5*X - (X*-1),yes,linear,Functions
425,Determine if the equation shown represents a linear function (yes) or not (no).,Y = SQRT(X^2 - 2),no,nonlinear,Functions
426,Determine if the equation shown represents a linear function (yes) or not (no).,Y = SQRT(X^2 - 3),no,nonlinear,Functions
427,Determine if the equation shown represents a linear function (yes) or not (no).,Y = -X - 4,yes,linear,Functions
428,Determine if the equation shown represents a linear function (yes) or not (no).,Y = SQRT(X^2 - 4),no,nonlinear,Functions
429,Determine if the equation shown represents a linear function (yes) or not (no).,Y = 5 * X + 5^2,yes,linear,Functions
430,Determine if the equation shown represents a linear function (yes) or not (no).,Y = (X/8)*5,yes,linear,Functions
431,Determine if the equation shown represents a linear function (yes) or not (no).,Y = 7*X - (X + 5),yes,linear,Functions
432,Determine if the equation shown represents a linear function (yes) or not (no).,Y = X + 6,yes,linear,Functions
433,Determine if the equation shown represents a linear function (yes) or not (no).,Y = -X + 4,yes,linear,Functions
434,Determine if the equation shown represents a linear function (yes) or not (no).,Y = -X,yes,linear,Functions
435,Determine if the equation shown represents a linear function (yes) or not (no).,Y = SQRT(X^2 - 7),no,nonlinear,Functions
436,Determine if the equation shown represents a linear function (yes) or not (no).,Y = SQRT(X^2 - 8),no,nonlinear,Functions
437,Determine if the equation shown represents a linear function (yes) or not (no).,Y = 5 + X,yes,linear,Functions
438,Determine if the equation shown represents a linear function (yes) or not (no).,Y = SQRT(X^2 - 6),no,nonlinear,Functions
439,Determine if the equation shown represents a linear function (yes) or not (no).,Y = SQRT(X^2 - 5),no,nonlinear,Functions
440,Find the distance between the two points. Round to the nearest hundredth.,"(-1, 2) and (5, 7)",7.81,,Geometry
441,Find the distance between the two points. Round to the nearest hundredth.,"(0, 0) and (2, 8)",8.25,,Geometry
442,Find the distance between the two points. Round to the nearest hundredth.,"(6, 3) and (-4, -3)",11.67,,Geometry
443,Find the distance between the two points. Round to the nearest hundredth.,"(5, 6) and (-9, 1)",14.87,,Geometry
444,Find the distance between the two points. Round to the nearest hundredth.,"(4, 8) and (-5, -6)",16.64,,Geometry
445,Find the distance between the two points. Round to the nearest hundredth.,"(4, -1) and (4, -8)",7,,Geometry
446,Find the distance between the two points. Round to the nearest hundredth.,"(4, 8) and (6, 4)",4.47,,Geometry
447,Find the distance between the two points. Round to the nearest hundredth.,"(8, 4) and (-3, 3)",11.05,,Geometry
448,Find the distance between the two points. Round to the nearest hundredth.,"(6, 8) and (-5, 4)",11.7,,Geometry
449,Find the distance between the two points. Round to the nearest hundredth.,"(9, -2) and (-4, 6)",15.26,,Geometry
450,Find the distance between the two points. Round to the nearest hundredth.,"(-4, 5) and (4, 8)",8.54,,Geometry
451,Find the distance between the two points. Round to the nearest hundredth.,"(-2, 14) and (5, 9)",8.6,,Geometry
452,Find the coordinates of the midpoint of the line segment that connects the given points.,"(-10, 7) and (-2, 5)","(-6, 6)",,Geometry
453,Find the coordinates of the midpoint of the line segment that connects the given points.,"(0, 0) and (9, 7)","(4.5, 3.5)",,Geometry
454,Find the coordinates of the midpoint of the line segment that connects the given points.,"(4, 3) and (-2, -8)","(1, -2.5)",,Geometry
455,Find the coordinates of the midpoint of the line segment that connects the given points.,"(-1, 7) and (19, 1)","(9, 4)",,Geometry
456,Find the coordinates of the midpoint of the line segment that connects the given points.,"(-6, 8) and (5, -6)","(-0.5, 1)",,Geometry
457,Find the coordinates of the midpoint of the line segment that connects the given points.,"(4, -11) and (12, -8)","(8, -9.5)",,Geometry
458,Find the coordinates of the midpoint of the line segment that connects the given points.,"(-2, 8) and (8, -1)","(3, 3.5)",,Geometry
459,Find the coordinates of the midpoint of the line segment that connects the given points.,"(-4, -5) and (8, 3)","(2, -1)",,Geometry
460,Find the coordinates of the midpoint of the line segment that connects the given points.,"(-8, 4) and (-6, 12)","(-7, 8)",,Geometry
461,Find the coordinates of the midpoint of the line segment that connects the given points.,"(9, 12) and (-5, 2)","(2, 7)",,Geometry
462,Find the coordinates of the midpoint of the line segment that connects the given points.,"(-9, 5) and (3, 1)","(-3, 3)",,Geometry
463,Find the coordinates of the midpoint of the line segment that connects the given points.,"(-5, 4) and (11, 5)","(3, 4.5)",,Geometry
464,Find the perimeter of the shape with the given side lengths.,Square with sides of length 3.,12,,Geometry
465,Find the perimeter of the rectangle with given side lengths.,"Triangle with sides of length 5, 5, and 5.",15,,Geometry
466,Find the perimeter of the triangle with given side lengths.,Rectangle with sides of length 4 and 5.,18,,Geometry
467,Find the perimeter of the square with given side length.,"Triangle with sides of length 10, 10, and 4.",24,,Geometry
468,Find the perimeter of the rectangle with given side lengths.,Square with sides of length 7.,28,,Geometry
469,Find the perimeter of the triangle with given side lengths.,Rectangle with sides of length 3 and 10.,26,,Geometry
470,Find the perimeter of the square with given side length.,"Triangle with sides of length 12, 12, and 12.",36,,Geometry
471,Find the perimeter of the rectangle with given side lengths.,Rectangle with sides of length 5 and 20.,50,,Geometry
472,Find the perimeter of the triangle with given side lengths.,"Triangle with sides of length 11, 11, 9.",31,,Geometry
473,"Use the Pythagorean Theorem to find the missing side length in the right triangle. Leg 1 is represented by a, leg 2 is represented by b, and the hypotenuse is represented with c.","a= 12, b = 16, find c.",c = 20,20,Geometry
474,"Use the Pythagorean Theorem to find the missing side length in the right triangle. Leg 1 is represented by a, leg 2 is represented by b, and the hypotenuse is represented with c.","b = 10, c = 11, find a.",a = SQRT(21),SQRT(21),Geometry
475,"Use the Pythagorean Theorem to find the missing side length in the right triangle. Leg 1 is represented by a, leg 2 is represented by b, and the hypotenuse is represented with c.","12, b = 35, find c.",c = 37,37,Geometry
476,"Use the Pythagorean Theorem to find the missing side length in the right triangle. Leg 1 is represented by a, leg 2 is represented by b, and the hypotenuse is represented with c.","11, b = 14, find c.",c = SQRT(317),SQRT(317),Geometry
477,"Use the Pythagorean Theorem to find the missing side length in the right triangle. Leg 1 is represented by a, leg 2 is represented by b, and the hypotenuse is represented with c.","b = 40, c = 41, find a.",a = 9,9,Geometry
478,"Use the Pythagorean Theorem to find the missing side length in the right triangle. Leg 1 is represented by a, leg 2 is represented by b, and the hypotenuse is represented with c.","6, c = 15, find b.",b = SQRT(189),SQRT(189),Geometry
479,"Use the Pythagorean Theorem to find the missing side length in the right triangle. Leg 1 is represented by a, leg 2 is represented by b, and the hypotenuse is represented with c.","15, b = 24, find c.",c = SQRT(801),SQRT(801),Geometry
480,"Use the Pythagorean Theorem to find the missing side length in the right triangle. Leg 1 is represented by a, leg 2 is represented by b, and the hypotenuse is represented with c.","9, b = 12, find c.",c = 15,15,Geometry
481,"Use the Pythagorean Theorem to find the missing side length in the right triangle. Leg 1 is represented by a, leg 2 is represented by b, and the hypotenuse is represented with c.","5, b = 9, find c.",c = SQRT(106),SQRT(106),Geometry
482,"Use the Pythagorean Theorem to find the missing side length in the right triangle. Leg 1 is represented by a, leg 2 is represented by b, and the hypotenuse is represented with c.","4, c = 21, find b.",b = SQRT(425),SQRT(425),Geometry
483,"Use the Pythagorean Theorem to find the missing side length in the right triangle. Leg 1 is represented by a, leg 2 is represented by b, and the hypotenuse is represented with c.","10, b = 14, find c.",c = SQRT(296),SQRT(296),Geometry
484,"Use the Pythagorean Theorem to find the missing side length in the right triangle. Leg 1 is represented by a, leg 2 is represented by b, and the hypotenuse is represented with c.","12, b = 16, find c.",c = 20,20,Geometry
485,"Find the area of the parallelogram using the given base, height, and slanted side length.","Base = 11, height = 8, slanted side = 9.7",88,,Geometry
486,"Find the area of the parallelogram using the given base, height, and slanted side length.","Base = 14, height = 9, slanted side = 16",126,,Geometry
487,"Find the area of the parallelogram using the given base, height, and slanted side length.","Base = 35, height = 10, slanted side = 22",350,,Geometry
488,"Find the area of the parallelogram using the given base, height, and slanted side length.","Base = 8, height = 10, slanted side = 12",80,,Geometry
489,"Find the area of the parallelogram using the given base, height, and slanted side length.","Base = 7.75, height = 5, slanted side = 4.5",38.75,,Geometry
490,"Find the area of the parallelogram using the given base, height, and slanted side length.","Base = 38, height = 13.5, slanted side = 14.8",513,,Geometry
491,Find the area of the right triangle using the given base and height.,"Base = 8, height = 6",24,,Geometry
492,Find the area of the right triangle using the given base and height.,"Base = 3, height = 4",6,,Geometry
493,Find the area of the right triangle using the given base and height.,"Base = 12, height = 5",30,,Geometry
494,Find the area of the right triangle using the given base and height.,"Base = 10, height = 11",55,,Geometry
495,Find the area of the right triangle using the given base and height.,"Base = 5, height = 11",27.5,,Geometry
496,Find the area of the right triangle using the given base and height.,"Base = 8, height = 15",60,,Geometry
497,Find the area of the trapezoid using the given lengths and height. ,"Base 1 = 14, base 2 = 10, height = 8",96,,Geometry
498,Find the area of the trapezoid using the given base lengths and height.,"Base 1 = 23, base 2 = 11, height = 9",153,,Geometry
499,Find the area of the trapezoid using the given base lengths and height.,"Base 1 = 15, base 2 = 20, height = 10",175,,Geometry
500,Find the area of the trapezoid using the given base lengths and height.,"Base 1 = 13, base 2 = 7, height = 5.5",55,,Geometry
501,Find the area of the trapezoid using the given base lengths and height.,"Base 1 = 14, base 2 = 7, height = 11",115.5,,Geometry
502,Find the area of the trapezoid using the given base lengths and height.,"Base 1 = 33, base 2 = 13, height = 7",161,,Geometry
503,Find the area of the triangle using the given base and height.,"Base = 6, height = 4",12,,Geometry
504,Find the area of the triangle using the given base and height.,"Base = 18, height = 24",216,,Geometry
505,Find the area of the triangle using the given base and height.,"Base = 57, height = 24",684,,Geometry
506,Find the area of the triangle using the given base and height.,"Base = 10, height = 12",60,,Geometry
507,Find the area of the triangle using the given base and height.,"Base = 15, height = 6",45,,Geometry
508,Find the area of the triangle using the given base and height.,"Base = 5, height = 4.3",10.75,,Geometry
509,Find the area of the circle with the given radius or diameter. Round to the nearest hundredth.,Diameter = 4,12.57,,Geometry
510,Find the area of the circle. Round to the nearest hundredth.,Radius = 7,153.94,,Geometry
511,Find the area of the circle. Round to the nearest hundredth.,Diameter = 8,50.27,,Geometry
512,Find the area of the circle. Round to the nearest hundredth.,Radius = 16,804.25,,Geometry
513,Find the area of the circle. Round to the nearest hundredth.,Diameter = 20,314.16,,Geometry
514,Find the area of the circle. Round to the nearest hundredth.,Radius = 5,78.54,,Geometry
515,Find the area of the circle. Round to the nearest hundredth.,Diameter = 7,38.48,,Geometry
516,Find the area of the circle. Round to the nearest hundredth.,Radius = 17,907.92,,Geometry
517,Find the area of the circle. Round to the nearest hundredth.,Diameter = 24,452.39,,Geometry
518,Find the circumference of the circle. Round to the nearest hundredth.,Circle with diameter = 3,9.42,,Geometry
519,Find the circumference of the circle. Round to the nearest hundredth. Use C = 2*π*r.,Circle with radius = 12,75.4,,Geometry
520,Find the circumference of the circle. Round to the nearest hundredth. Use C = 2*π*r.,Circle with diameter = 25,78.54,,Geometry
521,Find the circumference of the circle. Round to the nearest hundredth. Use C = 2*π*r.,Circle with radius = 8,50.27,,Geometry
522,Find the circumference of the circle. Round to the nearest hundredth. Use C = 2*π*r.,Circle with diameter = 8,25.13,,Geometry
523,Find the circumference of the circle. Round to the nearest hundredth. Use C = 2*π*r.,Circle with radius = 10,62.83,,Geometry
524,Find the circumference of the circle. Round to the nearest hundredth. Use C = 2*π*r.,Circle with diameter = 16,50.27,,Geometry
525,Find the circumference of the circle. Round to the nearest hundredth. Use C = 2*π*r.,Circle with radius = 3,18.85,,Geometry
526,Find the circumference of the circle. Round to the nearest hundredth. Use C = 2*π*r.,Circle with diameter = 25,6.28,,Geometry
527,"Find the volume of the rectangular prism using the given length, width, and height.","Length = 4, Width = 3, Height = 2",24,,Geometry
528,"Find the volume of the rectangular prism using the given length, width, and height.","Length = 6, Width = 3, Height = 4",72,,Geometry
529,"Find the volume of the rectangular prism using the given length, width, and height.","Length = 12, Width = 4, Height = 2",96,,Geometry
530,"Find the volume of the rectangular prism using the given length, width, and height.","Length = 10, Width = 5, Height = 3",150,,Geometry
531,"Find the volume of the rectangular prism using the given length, width, and height.","Length = 6, Width = 8, Height = 10",480,,Geometry
532,"Find the volume of the rectangular prism using the given length, width, and height.","Length = 14, Width = 7, Height = 6",588,,Geometry
533,Find the volume of the cone using the given radius and height. Round to the nearest tenth.,"Radius = 4, Height = 8",134,,Geometry
534,Find the volume of the cone using the given radius and height. Round to the nearest tenth.,"Radius = 3, Height = 11",103.4,,Geometry
535,Find the volume of the cone using the given radius and height. Round to the nearest tenth.,"Radius = 5, Height = 14",366.5,,Geometry
536,Find the volume of the cone using the given radius and height. Round to the nearest tenth.,"Radius = 9, Height = 21",1781.3,,Geometry
537,Find the volume of the cone using the given radius and height. Round to the nearest tenth.,"Radius = 3.1, Height = 10",100.6,,Geometry
538,Find the volume of the cone using the given radius and height. Round to the nearest tenth.,"Radius = 6.25, Height = 18.5",756.8,,Geometry
539,Find the volume of the cone using the given radius and height. Round to the nearest tenth.,"Radius = 7.2, Height = 27",1465.7,,Geometry
540,Find the volume of the cone using the given radius and height. Round to the nearest tenth.,"Radius = 21.7, Height = 44.9",22140.9,,Geometry
541,Find the volume of the cylinder using the given radius and height. Round to the nearest tenth.,"Radius = 4, Height = 6",301.6,,Geometry
542,Find the volume of the cylinder using the given radius and height. Round to the nearest tenth.,"Radius = 7, Height = 8",1231.5,,Geometry
543,Find the volume of the cylinder using the given radius and height. Round to the nearest tenth.,"Radius = 3, Height = 12",339.3,,Geometry
544,Find the volume of the cylinder using the given radius and height. Round to the nearest tenth.,"Radius = 14, Height = 8",4926,,Geometry
545,Find the volume of the cylinder using the given radius and height. Round to the nearest tenth.,"Radius = 4.8, Height = 7.3",528.4,,Geometry
546,Find the volume of the cylinder using the given radius and height. Round to the nearest tenth.,"Radius = 1.5, Height = 8.6",60.8,,Geometry
547,Find the volume of the cylinder using the given radius and height. Round to the nearest tenth.,"Radius = 5.75, Height = 11.3",1173.7,,Geometry
548,Find the volume of the cylinder using the given radius and height. Round to the nearest tenth.,"Radius = 33.1, Height = 28.4",97751.7,,Geometry
549,Find the volume of the sphere using the given radius. Round to the nearest hundredth.,Radius = 2,33.51,,Geometry
550,Find the volume of the sphere using the given radius. Round to the nearest hundredth.,Radius = 10,4188.79,,Geometry
551,Find the volume of the sphere using the given radius. Round to the nearest hundredth.,Radius = 7,1436.76,,Geometry
552,Find the volume of the sphere using the given radius. Round to the nearest hundredth.,Radius = 2.5,65.45,,Geometry
553,Find the volume of the sphere using the given radius. Round to the nearest hundredth.,Radius = 12,7238.23,,Geometry
554,Find the volume of the sphere using the given radius. Round to the nearest hundredth.,Radius = 0.25,0.07,,Geometry
555,Find the volume of the sphere using the given radius. Round to the nearest hundredth.,Radius = 15,14137.17,,Geometry
556,Find the volume of the sphere using the given radius. Round to the nearest hundredth.,Radius = 3.1,124.79,,Geometry
557,"Find the surface area of the rectangular prism using the given length, width, and height.","Length = 10, Width = 6, Height = 7",344,,Geometry
558,"Find the surface area of the rectangular prism using the given length, width, and height.","Length = 16, Width = 7, Height = 9",638,,Geometry
559,"Find the surface area of the rectangular prism using the given length, width, and height.","Length = 10, Width = 8, Height = 10",520,,Geometry
560,"Find the surface area of the rectangular prism using the given length, width, and height.","Length = 9, Width = 7, Height = 14",574,,Geometry
561,Find the surface area of the cone using the given radius and height. Round to the nearest tenth.,"Radius = 3, Height = 7",100.1,,Geometry
562,Find the surface area of the cone using the given radius and height. Round to the nearest tenth.,"Radius = 6, Height = 8",301.6,,Geometry
563,Find the surface area of the cone using the given radius and height. Round to the nearest tenth.,"Radius = 10, Height = 14",854.7,,Geometry
564,Find the surface area of the cone using the given radius and height. Round to the nearest tenth.,"Radius = 12, Height = 17",1236.9,,Geometry
565,Find the surface area of the cone using the given radius and height. Round to the nearest tenth.,"Radius = 6.5, Height = 18.5",532.2,,Geometry
566,Find the surface area of the cone using the given radius and height. Round to the nearest tenth.,"Radius = 5.7, Height = 15",389.4,,Geometry
567,Find the surface area of the cone using the given radius and height. Round to the nearest tenth.,"Radius = 1.3, Height = 5.2",27.2,,Geometry
568,Find the surface area of the cone using the given radius and height. Round to the nearest tenth.,"Radius = 11.7, Height = 24",1411.5,,Geometry
569,Find the surface area of the cylinder using the given radius and height. Round to the nearest tenth.,"Radius = 4, Height = 7",276.5,,Geometry
570,Find the surface area of the cylinder using the given radius and height. Round to the nearest tenth.,"Radius = 6, Height = 11",640.9,,Geometry
571,Find the surface area of the cylinder using the given radius and height. Round to the nearest tenth.,"Radius = 9, Height = 10",1074.4,,Geometry
572,Find the surface area of the cylinder using the given radius and height. Round to the nearest tenth.,"Radius = 12, Height = 8",4825.5,,Geometry
573,Find the surface area of the cylinder using the given radius and height. Round to the nearest tenth.,"Radius = 7.2, Height = 8.2",696.7,,Geometry
574,Find the surface area of the cylinder using the given radius and height. Round to the nearest tenth.,"Radius = 7.3, Height = 19",1206.3,,Geometry
575,Find the surface area of the cylinder using the given radius and height. Round to the nearest tenth.,"Radius = 9.25, Height = 21",4591.4,,Geometry
576,Find the surface area of the cylinder using the given radius and height. Round to the nearest tenth.,"Radius = 23.63, Height = 33.3",8452.5,,Geometry
577,Find the surface area of the sphere using the given radius or diameter. Round to the nearest tenth.,Radius = 3,113.1,,Geometry
578,Find the surface area of the sphere using the given radius or diameter. Round to the nearest tenth.,Radius = 10,1256.6,,Geometry
579,Find the surface area of the sphere using the given radius or diameter. Round to the nearest tenth.,Diameter = 18,1017.9,,Geometry
580,Find the surface area of the sphere using the given radius or diameter. Round to the nearest tenth.,Radius = 6.5,530.9,,Geometry
581,Find the surface area of the sphere using the given radius or diameter. Round to the nearest tenth.,Diameter = 42,5541.8,,Geometry
582,Find the surface area of the sphere using the given radius or diameter. Round to the nearest tenth.,Radius = 2.3,66.5,,Geometry
583,Find the surface area of the sphere using the given radius or diameter. Round to the nearest tenth.,Diameter = 27,2290.2,,Geometry
584,Find the surface area of the sphere using the given radius or diameter. Round to the nearest tenth.,Diameter = 34.8,3804.6,,Geometry
585,Find the probability of rolling the specified outcome on one fair six-sided die.,A single die is rolled once. What is the probability of rolling a 6?,1/6,,Statistics and Probability
586,Find the probability of rolling the specified outcome on one fair six-sided die.,A single die is rolled once. What is the probability of rolling a number smaller than 3?,1/3,2/6,Statistics and Probability
587,Find the probability of rolling the specified outcome on one fair six-sided die.,A single die is rolled once. What is the probability of rolling a number greater than 2?,2/3,4/6,Statistics and Probability
588,Find the probability of rolling the specified outcome on one fair six-sided die.,A single die is rolled once. What is the probability of rolling an odd number?,1/2,3/6,Statistics and Probability
589,Find the probability of rolling the specified outcome on one fair six-sided die.,A single die is rolled once. What is the probability of rolling an even number?,1/2,3/6,Statistics and Probability
590,Find the probability of rolling the specified outcome on one fair six-sided die.,A single die is rolled once. What is the probability of rolling a 4 or a 5?,1/3,2/6,Statistics and Probability
591,Find the probability of rolling the specified outcome on one fair six-sided die.,A single die is rolled once. What is the probability of rolling a 5?,1/6,,Statistics and Probability
592,Find the probability of rolling the specified outcome on one fair six-sided die.,A single die is rolled once. What is the probability of rolling a prime number?,1/2,3/6,Statistics and Probability
593,Find the probability of rolling the specified outcome on one fair six-sided die.,A single die is rolled once. What is the probability of rolling a 7?,0,,Statistics and Probability
594,Find the probability of landing on the specified outcome when a spinner with ten equal sections is spun once.,A spinner has numbers 1 through 10. What is the probability of landing on 5?,1/10,,Statistics and Probability
595,Find the probability of landing on the specified outcome when a spinner with ten equal sections is spun once.,A spinner has numbers 1 through 10. What is the probability of landing on an odd number?,1/2,5/10,Statistics and Probability
596,Find the probability of landing on the specified outcome when a spinner with ten equal sections is spun once.,A spinner has numbers 1 through 10. What is the probability of landing on a number greater than 3?,7/10,,Statistics and Probability
597,Find the probability of landing on the specified outcome when a spinner with ten equal sections is spun once.,A spinner has numbers 1 through 10. What is the probability of landing on a number less than 5?,2/5,4/10,Statistics and Probability
598,Find the probability of landing on the specified outcome when a spinner with ten equal sections is spun once.,A spinner has numbers 1 through 10. What is the probability of landing on a multiple of 3?,3/10,,Statistics and Probability
599,Find the probability of landing on the specified outcome when a spinner with ten equal sections is spun once.,A spinner has numbers 1 through 10. What is the probability of landing on a multiple of 5?,1/5,2/10,Statistics and Probability
600,Find the probability of landing on the specified outcome when a spinner with ten equal sections is spun once.,A spinner has numbers 1 through 10. What is the probability of landing on 13?,0,,Statistics and Probability
601,Find the probability of landing on the specified outcome when a spinner with ten equal sections is spun once.,A spinner has numbers 1 through 10. What is the probability of landing on a number greater than 1 but less than 9?,4/5,8/10,Statistics and Probability
602,Find the probability of landing on the specified outcome when a spinner with ten equal sections is spun once.,A spinner has numbers 1 through 10. What is the probability of not landing on 2?,9/10,,Statistics and Probability
603,Find the probability of the specified outcome when three fair coins are flipped at random.,"If three coins are flipped, what is the probability that the first coin lands on heads?",1/2,,Statistics and Probability
604,Find the probability of the specified outcome when three fair coins are flipped at random.,"If three coins are flipped, what is the probability that all three land on tails?",1/8,,Statistics and Probability
605,Find the probability of the specified outcome when three fair coins are flipped at random.,"If three coins are flipped, what is the probability that none land on heads?",1/8,,Statistics and Probability
606,Find the probability of the specified outcome when three fair coins are flipped at random.,"If three coins are flipped, what is the probability that at least one coin lands on tails?",7/8,,Statistics and Probability
607,Find the probability of the specified outcome when three fair coins are flipped at random.,"If three coins are flipped, what is the probability that exactly two coins land on heads?",3/8,,Statistics and Probability
608,Find the probability of the specified outcome when three fair coins are flipped at random.,"If three coins are flipped, what is the probability that all three land on the same side?",1/4,,Statistics and Probability
609,Find the probability of the specified outcome when three fair coins are flipped at random.,"If three coins are flipped, what is the probability that at least two coins do not land on tails?",1/2,,Statistics and Probability
610,Find the probability of the specified outcome when three fair coins are flipped at random.,"If three coins are flipped, what is the probability that the second coin lands tails and both the first and third coins land on heads?",1/8,,Statistics and Probability
611,Find the probability of the specified outcome when three fair coins are flipped at random.,"If three coins are flipped, what is the probability that at least two of the coins land on the same side?",1,,Statistics and Probability
612,Find the probability of the specified outcome when three fair coins are flipped at random.,"If three coins are flipped, what is the probability that at least one coin lands on heads and at least one lands on tails?",3/4,,Statistics and Probability
613,List the sample space for a 12-sided die labeled 1 through 12 that is rolled once.,Write all possible outcomes of the roll.,"{1, 2, 3, 4, 5, 6, 7, 8, 9, 10, 11, 12}",,Statistics and Probability
614,Determine if two events are equally likely based on probability.,Is rolling an even number on a 12-sided die equally as likely as rolling an odd number? Yes or no.,Yes,,Statistics and Probability
615,Determine if two events are equally likely based on probability.,Is rolling a multiple of 2 equally as likely as rolling a multiple of 3 on a 12-sided die? Yes or no.,No,,Statistics and Probability
616,Determine if two events are equally likely based on probability.,Is rolling a number divisible by 3 equally as likely as rolling a number divisible by 5 on a 12-sided die? Yes or no.,No,,Statistics and Probability
617,Find the probability of rolling a 2 on a 12-sided die.,A 12-sided die labeled 1 through 12 is rolled once. What is the probability of rolling a 2?,1/12,,Statistics and Probability
618,Find the probability of rolling a 15 on a 12-sided die.,A 12-sided die labeled 1 through 12 is rolled once. What is the probability of rolling a 15?,0,,Statistics and Probability
619,Find the probability of rolling a 7 or 11 on a 12-sided die.,A 12-sided die labeled 1 through 12 is rolled once. What is the probability of rolling a 7 or an 11?,2/12,1/6,Statistics and Probability
620,Find the probability of rolling a single-digit number on a 12-sided die.,A 12-sided die labeled 1 through 12 is rolled once. What is the probability of rolling a single-digit number?,9/12,3/4,Statistics and Probability
621,Find the probability of rolling a double-digit number on a 12-sided die.,A 12-sided die labeled 1 through 12 is rolled once. What is the probability of rolling a double-digit number?,3/12,1/4,Statistics and Probability
622,"A basket contains 36 pieces of fruit: 12 Mangos, 9 Dragon Fruits, 5 Kiwis, 4 Pears, 3 Oranges, and 3 Pomegranates. ",One fruit was selected at random from the basket. What is the probability that the selected fruit is a Kiwi or a Pear?,1/4,9/36,Statistics and Probability
623,"A basket contains 36 pieces of fruit: 12 Mangos, 9 Dragon Fruits, 5 Kiwis, 4 Pears, 3 Oranges, and 3 Pomegranates. ",One fruit was selected at random from the basket. What is the probability of selecting a fruit that is not a Dragon Fruit or a Mango?,5/12,15/36,Statistics and Probability
624,"A basket contains 36 pieces of fruit: 12 Mangos, 9 Dragon Fruits, 5 Kiwis, 4 Pears, 3 Oranges, and 3 Pomegranates. ","One fruit was selected at random from the basket. What is the probability of selecting a fruit that is a Pomegranate, a Mango, or an Orange?",1/2,18/36,Statistics and Probability
625,"A basket contains 36 pieces of fruit: 12 Mangos, 9 Dragon Fruits, 5 Kiwis, 4 Pears, 3 Oranges, and 3 Pomegranates. ",One fruit was selected at random from the basket. What is the probability of selecting a fruit that is not a Pomegranate or a Dragon Fruit?,1/3,12/36,Statistics and Probability
626,"A basket contains 36 pieces of fruit: 12 Mangos, 9 Dragon Fruits, 5 Kiwis, 4 Pears, 3 Oranges, and 3 Pomegranates. ",One fruit was selected at random from the basket. What is the probability that a fruit selected at random is not a Pear?,8/9,32/36,Statistics and Probability
627,"A basket contains 36 pieces of fruit: 12 Mangos, 9 Dragon Fruits, 5 Kiwis, 4 Pears, 3 Oranges, and 3 Pomegranates. ",All of the mangos are removed from the basket. What is the probability of selecting a Kiwi now?,5/24,,Statistics and Probability
628,"A jar contains 30 marbles: 6 red, 5 blue, 3 yellow, 3 orange, 10 black, and 3 teal. ",A marble is selected from the jar at random. What is the probability of selecting a blue marble?,5/30,1/6,Statistics and Probability
629,"A jar contains 30 marbles: 6 red, 5 blue, 3 yellow, 3 orange, 10 black, and 3 teal. ",A marble is selected from the jar at random. What is the probability of selecting a black marble?,10/30,1/3,Statistics and Probability
630,"A jar contains 30 marbles: 6 red, 5 blue, 3 yellow, 3 orange, 10 black, and 3 teal. ",A marble is selected from the jar at random. What is the probability of selecting a red or yellow marble?,9/30,3/10,Statistics and Probability
631,"A jar contains 30 marbles: 6 red, 5 blue, 3 yellow, 3 orange, 10 black, and 3 teal. ",A marble is selected from the jar at random. What is the probability of selecting a marble that is not blue?,25/30,5/6,Statistics and Probability
632,"A jar contains 30 marbles: 6 red, 5 blue, 3 yellow, 3 orange, 10 black, and 3 teal. ",A marble is selected from the jar at random. What is the probability of selecting a purple marble?,0/30,0,Statistics and Probability
633,"A jar contains 30 marbles: 6 red, 5 blue, 3 yellow, 3 orange, 10 black, and 3 teal. ",A marble is selected from the jar at random. Which color is most likely to be selected?,Black,,Statistics and Probability
634,"A jar contains 30 marbles: 6 red, 5 blue, 3 yellow, 3 orange, 10 black, and 3 teal. ","If 20 purple marbles were added to the jar, what would be the probability of selecting a black marble at random from the jar?",10/50,1/5,Statistics and Probability
635,"A bag contains 23 gummy bears: 7 green, 5 red, 2 purple, and 9 blue.",A gummy bear is selected from the bag at random. What is the probability of selecting a green gummy bear?,7/23,,Statistics and Probability
636,"A bag contains 23 gummy bears: 7 green, 5 red, 2 purple, and 9 blue.",A gummy bear is selected from the bag at random. What is the probability of selecting a red gummy bear?,5/23,,Statistics and Probability
637,"A bag contains 23 gummy bears: 7 green, 5 red, 2 purple, and 9 blue.",A gummy bear is selected from the bag at random. What is the probability of selecting a purple gummy bear?,2/23,,Statistics and Probability
638,"A bag contains 23 gummy bears: 7 green, 5 red, 2 purple, and 9 blue.",A gummy bear is selected from the bag at random. What is the probability of selecting a blue gummy bear?,9/23,,Statistics and Probability
639,"A bag contains 23 gummy bears: 7 green, 5 red, 2 purple, and 9 blue.",A gummy bear is selected from the bag at random. What is the probability of selecting a yellow gummy bear?,0/23,0,Statistics and Probability
640,"A bag contains 23 gummy bears: 7 green, 5 red, 2 purple, and 9 blue.",A gummy bear is selected from the bag at random. Which color is most likely to be picked?,Blue,,Statistics and Probability
641,"A bag contains 23 gummy bears: 7 green, 5 red, 2 purple, and 9 blue.",A gummy bear is selected from the bag at random. Which color is least likely to be picked?,Purple,,Statistics and Probability
642,"A bag contains 23 gummy bears: 7 green, 5 red, 2 purple, and 9 blue.",A gummy bear is selected from the bag at random. What is the probability of selecting a purple or blue gummy bear?,11/23,,Statistics and Probability
643,"A bag contains 23 gummy bears: 7 green, 5 red, 2 purple, and 9 blue.",A gummy bear is selected from the bag at random. What is the probability of selecting a red or green gummy bear?,12/23,,Statistics and Probability
644,"A bag contains 23 gummy bears: 7 green, 5 red, 2 purple, and 9 blue.",A gummy bear is selected from the bag at random. Are you more likely to pick a green or red gummy bear?,Green,,Statistics and Probability